date,close
2/23/2012,5507.6021
2/24/2012,5566.2998
2/27/2012,5476.5898
3/5/2012,5464.8101
3/6/2012,5477.6699
3/8/2012,5456.5098
3/9/2012,5456.27
3/13/2012,5423.2598
3/14/2012,5418.0698
3/15/2012,5397.2002
3/16/2012,5449.0498
3/19/2012,5449.46
3/20/2012,5414.02
3/21/2012,5384.1001
3/22/2012,5349.7002
3/23/2012,5422.3301
3/26/2012,5430.96
3/27/2012,5425
3/28/2012,5416.5698
3/29/2012,5412.04
3/30/2012,5420.2002
4/2/2012,5398.7002
4/3/2012,5416.6499
4/4/2012,5400.9102
4/5/2012,5423.25
4/9/2012,5413.1201
4/10/2012,5392.3398
4/11/2012,5425.73
4/16/2012,5434.7998
4/17/2012,5434.7998
4/18/2012,5407.4702
4/19/2012,5518.7202
4/20/2012,5457.1299
4/23/2012,5455.0601
4/24/2012,5441.5298
4/25/2012,5440.0098
4/26/2012,5445.0098
4/27/2012,5440.52
4/30/2012,5419.2002
5/2/2012,5417.1699
5/3/2012,5389.4702
5/4/2012,5375.4399
5/8/2012,5295.6001
5/9/2012,5256.79
5/10/2012,5163.9399
5/11/2012,5108.5601
5/14/2012,5116.3101
5/15/2012,5125.8599
5/16/2012,5213.6802
5/17/2012,5221.5298
5/18/2012,5222.0898
5/21/2012,5207.7202
5/22/2012,5155.6099
5/23/2012,5048.1099
5/24/2012,5019.1201
5/25/2012,5009.6699
5/28/2012,4935.0098
5/29/2012,4813.2598
5/30/2012,4865.1201
5/31/2012,4832.1499
6/1/2012,4885.1802
6/5/2012,4885.1802
6/6/2012,4737.75
6/7/2012,4757.98
6/8/2012,4798.7002
6/11/2012,4811.4399
6/12/2012,4807.5498
6/13/2012,4844.79
6/14/2012,4923.02
6/15/2012,4991.21
6/18/2012,4998.1001
6/19/2012,5059.29
6/20/2012,5078.0601
6/21/2012,5042.0698
6/22/2012,5039.1499
6/25/2012,4990.4302
6/26/2012,4989.9902
6/27/2012,4995.6899
6/28/2012,4955.9102
6/29/2012,4965.77
7/2/2012,4952.9302
7/4/2012,4946.5801
7/5/2012,4924.6099
7/6/2012,4928.6401
7/9/2012,4925.0601
7/10/2012,4905.6001
7/11/2012,4868.3901
7/12/2012,4868.3901
7/13/2012,4867.52
7/16/2012,4880.1001
7/17/2012,4853.0298
7/18/2012,4822.6401
7/19/2012,4891.1099
7/20/2012,4888.2202
7/23/2012,4881.77
7/24/2012,4874.3599
7/25/2012,4883.8799
7/26/2012,4876.1899
7/27/2012,4933.0898
7/30/2012,4935.5098
7/31/2012,4944.8599
8/2/2012,4960.0498
8/3/2012,4931.4702
8/6/2012,4928.5
8/7/2012,4898.2202
8/8/2012,4889.8701
8/9/2012,4851.8799
8/10/2012,4854.2202
8/13/2012,4846.4502
8/14/2012,4908.1899
8/15/2012,4939.6602
8/16/2012,4908.7202
8/17/2012,4927.1299
8/20/2012,4949.46
8/21/2012,4945.1299
8/22/2012,5027.3999
8/23/2012,5038.1499
8/24/2012,5012.8398
8/27/2012,5073.1001
8/28/2012,5102.6499
8/29/2012,5114.1499
8/30/2012,5180.1499
9/3/2012,5250.9902
9/4/2012,5327.2202
9/5/2012,5372.1299
9/6/2012,5388.9199
9/7/2012,5496.8501
9/10/2012,5592.0298
9/11/2012,5590.8999
9/12/2012,5668.2998
9/13/2012,5777.2202
9/14/2012,5926.8999
9/17/2012,5969.0898
9/18/2012,5910.8101
9/19/2012,5849.1401
9/20/2012,5901.9702
9/21/2012,5910.0698
9/24/2012,5915.8999
9/25/2012,5926.29
9/26/2012,5943.7598
9/27/2012,5949.4199
9/28/2012,5971.9902
10/1/2012,5964.29
10/2/2012,5928.5298
10/3/2012,5890.6899
10/4/2012,5861.3501
10/5/2012,5879.6899
10/8/2012,5847.1699
10/9/2012,5833.3198
10/10/2012,5772.52
10/11/2012,5720.8599
10/12/2012,5738.2402
10/15/2012,5653.7998
10/16/2012,5608.1299
10/17/2012,5586.3999
10/18/2012,5625.3198
10/19/2012,5649.5298
10/22/2012,5553.8901
10/23/2012,5556.77
10/24/2012,5543.25
10/25/2012,5576.7202
10/26/2012,5550.8799
10/30/2012,5520.6201
10/31/2012,5513.6401
11/1/2012,5494.54
11/2/2012,5532.3198
11/5/2012,5539.3101
11/6/2012,5556.5898
11/7/2012,5570.8701
11/8/2012,5580.8398
11/9/2012,5589.4302
11/12/2012,5599.8799
11/14/2012,5574.96
11/15/2012,5558.25
11/16/2012,5556.3198
11/19/2012,5503.9302
11/20/2012,5433.9502
11/21/2012,5360.6001
11/22/2012,5406.6499
11/23/2012,5407.1099
11/26/2012,5384.8901
11/28/2012,5334.6802
11/29/2012,5363.6001
11/30/2012,5351.25
12/3/2012,5337.71
12/4/2012,5331.4502
12/5/2012,5323.21
12/6/2012,5387.3301
12/7/2012,5387.3999
12/10/2012,5404.8599
12/11/2012,5417.7798
12/12/2012,5516.6401
12/13/2012,5547.3599
12/14/2012,5522.7202
12/17/2012,5503.5098
12/18/2012,5507.79
12/19/2012,5512.6602
12/20/2012,5527.3599
12/21/2012,5516.4902
12/24/2012,5524.8901
12/26/2012,5570.9102
12/28/2012,5607.1299
12/31/2012,5643
1/2/2013,5683.79
1/3/2013,5730.4502
1/4/2013,5747.71
1/7/2013,5746.0898
1/8/2013,5751.9302
1/9/2013,5745.1001
1/10/2013,5732.21
1/11/2013,5746.4902
1/15/2013,5750.2402
1/16/2013,5812.4702
1/17/2013,5875.2798
1/18/2013,5875.77
1/21/2013,5862.02
1/22/2013,5870.9302
1/23/2013,5883.6602
1/24/2013,5878.1899
1/28/2013,5855.0898
1/29/2013,5800.75
1/30/2013,5825.8999
1/31/2013,5816.8901
2/1/2013,5799.6899
2/5/2013,5781.2998
2/6/2013,5780.0898
2/7/2013,5810.4199
2/8/2013,5850.6699
2/11/2013,5851.3501
2/12/2013,5836.1099
2/13/2013,5827.02
2/14/2013,5825.29
2/15/2013,5830.2598
2/18/2013,5774.5898
2/19/2013,5737.48
2/20/2013,5730.54
2/21/2013,5726.1099
2/22/2013,5735.6099
2/26/2013,5669.48
2/27/2013,5674.4702
2/28/2013,5635.8999
3/1/2013,5652.6899
3/4/2013,5631.8901
3/5/2013,5626.77
3/6/2013,5663.3599
3/7/2013,5680.02
3/8/2013,5691.3901
3/11/2013,5677.3101
3/12/2013,5704.3198
3/13/2013,5685.8198
3/14/2013,5688.98
3/15/2013,5704.5298
3/18/2013,5708.0098
3/19/2013,5722.8599
3/20/2013,5734.8198
3/21/2013,5763.8301
3/22/2013,5768.8799
3/25/2013,5745.5498
3/27/2013,5744.9902
3/28/2013,5735.6802
4/1/2013,5705.2002
4/2/2013,5704.6201
4/3/2013,5728.4702
4/4/2013,5753.5601
4/5/2013,5765.9399
4/8/2013,5777.3799
4/9/2013,5767.6001
4/10/2013,5794.2998
4/11/2013,5813.3701
4/12/2013,5839.8799
4/16/2013,5852.6802
4/17/2013,5868.5298
4/18/2013,5891.8301
4/19/2013,5882.25
4/22/2013,5872.4302
4/23/2013,5883.52
4/24/2013,5933.73
4/26/2013,5962.1699
4/29/2013,5967.6201
4/30/2013,5953.1899
5/2/2013,5972.3701
5/3/2013,6013.1802
5/6/2013,6121.1699
5/7/2013,6201.6802
5/8/2013,6210.1001
5/9/2013,6238.71
5/10/2013,6250
5/13/2013,6239.0298
5/14/2013,6206.5898
5/15/2013,6221.1201
5/16/2013,6287
5/17/2013,6380.7002
5/20/2013,6466.6699
5/21/2013,6441.6401
5/22/2013,6461.6201
5/23/2013,6488.8501
5/27/2013,6446.54
5/28/2013,6434.7002
5/29/2013,6455.8101
5/30/2013,6455.1201
5/31/2013,6463.0601
6/3/2013,6451.6802
6/4/2013,6449.6602
6/5/2013,6422.8398
6/6/2013,6372.3799
6/7/2013,6307.4302
6/10/2013,6341.2798
6/11/2013,6303.79
6/12/2013,6284.7598
6/13/2013,6207.8701
6/14/2013,6219.3901
6/17/2013,6219.1099
6/18/2013,6193
6/19/2013,6209.23
6/20/2013,6211.4399
6/21/2013,6155.27
6/24/2013,6149.3799
6/25/2013,6086.2202
6/26/2013,6072.6802
6/27/2013,6111.3599
6/28/2013,6121.0098
7/1/2013,6132.75
7/2/2013,6140.79
7/3/2013,6117.9702
7/4/2013,6073.1699
7/5/2013,6048.1802
7/8/2013,5995.6401
7/9/2013,5980.1602
7/10/2013,6016.0498
7/11/2013,6062.3799
7/12/2013,6028.7402
7/15/2013,6015.2002
7/16/2013,6007.6499
7/17/2013,5982.3501
7/18/2013,5985.4502
7/19/2013,6041.0601
7/23/2013,6084.2402
7/24/2013,6079.1401
7/25/2013,6038.1602
7/26/2013,6051.77
7/29/2013,6056.9199
7/30/2013,6055.48
7/31/2013,6037.2202
8/1/2013,6156.6001
8/2/2013,6155.8198
8/5/2013,6114.1802
8/6/2013,6121.4502
8/7/2013,6151.79
8/8/2013,6151.9199
8/12/2013,6130.2402
8/13/2013,6142.8701
8/14/2013,6208.6699
8/15/2013,6220.1001
8/16/2013,6233.21
8/19/2013,6224.3398
8/21/2013,6116.6699
8/22/2013,6085.8799
8/23/2013,5951.8301
8/26/2013,5895.6499
8/27/2013,5923.3398
8/28/2013,5753.2002
8/29/2013,5825.0601
8/30/2013,5834.04
9/2/2013,5782.7202
9/3/2013,5752.3599
9/4/2013,5744.8901
9/5/2013,5686.9902
9/6/2013,5672.6401
9/9/2013,5605.2598
9/10/2013,5667.3301
9/11/2013,5730.21
9/12/2013,5744.5
9/13/2013,5749.46
9/16/2013,5730.1201
9/17/2013,5705.2598
9/18/2013,5700.7402
9/20/2013,5814.1001
9/23/2013,5782.8501
9/24/2013,5794.4702
9/25/2013,5783.6201
9/26/2013,5786.1602
9/27/2013,5808.6201
9/30/2013,5803.3198
10/1/2013,5780.8301
10/2/2013,5805.6201
10/3/2013,5814.7998
10/4/2013,5837.9502
10/7/2013,5867.1001
10/8/2013,5897.0498
10/9/2013,5909.9502
10/10/2013,5957.3701
10/11/2013,5947.4199
10/14/2013,5952.6201
10/15/2013,5961.98
10/17/2013,5976.5098
10/21/2013,5946.6499
10/22/2013,5925.2202
10/23/2013,5900.8999
10/24/2013,5936.3999
10/25/2013,5948.75
10/28/2013,5928.9702
10/29/2013,5906.5298
10/30/2013,5934.4102
10/31/2013,5954.6201
11/1/2013,5954.3599
11/4/2013,5927.4102
11/5/2013,5912.9102
11/6/2013,5906.1802
11/7/2013,5870.4702
11/8/2013,5855.3398
11/11/2013,5862.8198
11/12/2013,5812.8398
11/13/2013,5816.04
11/14/2013,5829.0498
11/15/2013,5810.9702
11/18/2013,5824.48
11/19/2013,5809.1499
11/20/2013,5793.5298
11/21/2013,5801.8501
11/22/2013,5792.7202
11/25/2013,5775.6699
11/26/2013,5748.0098
11/27/2013,5744.6699
11/28/2013,5752.2002
11/29/2013,5775.0898
12/2/2013,5774.1001
12/3/2013,5773.1201
12/4/2013,5782.9199
12/5/2013,5780.5801
12/6/2013,5810.2402
12/9/2013,5821.2998
12/10/2013,5778.52
12/11/2013,5787.8101
12/12/2013,5793.1899
12/13/2013,5795.6602
12/17/2013,5811.8799
12/18/2013,5811.7598
12/19/2013,5867
12/20/2013,5857.3599
12/23/2013,5846.4199
12/24/2013,5845.9302
12/26/2013,5848.4902
12/27/2013,5876.6602
12/30/2013,5899.2002
12/31/2013,5912.7798
1/2/2014,5968.04
1/3/2014,5973.7998
1/6/2014,5944.9902
1/7/2014,5977.0698
1/8/2014,6054.4702
1/9/2014,6069.3398
1/10/2014,6083.1401
1/13/2014,6116.3901
1/16/2014,6166.98
1/17/2014,6131.0498
1/20/2014,6156.6802
1/21/2014,6153.54
1/22/2014,6212.6699
1/23/2014,6226.1401
1/24/2014,6255.6299
1/27/2014,6245.8101
1/28/2014,6218.8301
1/29/2014,6252.1401
1/30/2014,6227.2598
1/31/2014,6248.0801
2/3/2014,6219.3398
2/5/2014,6175.6299
2/6/2014,6168.5
2/7/2014,6141.7202
2/10/2014,6110.27
2/11/2014,6113.1499
2/12/2014,6084.48
2/13/2014,6083.3901
2/17/2014,6056.1099
2/18/2014,6021.6602
2/19/2014,5986.2402
2/20/2014,5956.1602
2/21/2014,5937.2798
2/24/2014,5883.0498
2/25/2014,5835.9199
2/26/2014,5872.8101
2/28/2014,5940.3101
3/3/2014,5914.0098
3/4/2014,5936.6201
3/5/2014,5936.4302
3/6/2014,5961.9302
3/7/2014,5966.0601
3/10/2014,5957.6099
3/11/2014,5944.5698
3/12/2014,5933.52
3/13/2014,5913.9399
3/14/2014,5896.23
3/17/2014,5914.1099
3/18/2014,5907.6401
3/19/2014,5912.0498
3/20/2014,5914.5601
3/21/2014,5937.8701
3/24/2014,5922.23
3/25/2014,5952.7798
3/26/2014,5950.9702
3/27/2014,5992.6201
3/28/2014,5972.1699
3/31/2014,5968.3101
4/1/2014,6001.8301
4/2/2014,6004.7798
4/3/2014,6018.4702
4/4/2014,6054.5498
4/7/2014,6048.3799
4/8/2014,6072.1602
4/9/2014,6083.5498
4/10/2014,6075.0498
4/11/2014,6092.3398
4/16/2014,6118.8501
4/17/2014,6180.7598
4/21/2014,6187.0298
4/22/2014,6191.8301
4/23/2014,6172.77
4/24/2014,6178.1299
4/25/2014,6167.8101
4/28/2014,6171.9399
4/29/2014,6186.25
4/30/2014,6223.6699
5/2/2014,6248.4399
5/5/2014,6249.4302
5/6/2014,6226.1299
5/7/2014,6252.6001
5/8/2014,6275.73
5/9/2014,6284.8701
5/12/2014,6303.1602
5/13/2014,6284.96
5/16/2014,6315.1899
5/19/2014,6319.2402
5/20/2014,6321.6099
5/21/2014,6289.3198
5/22/2014,6290.1699
5/23/2014,6280.3101
5/26/2014,6293.02
5/27/2014,6267.4399
5/28/2014,6272.7598
5/29/2014,6303.77
5/30/2014,6263.46
6/2/2014,6292.4102
6/3/2014,6286.02
6/4/2014,6286.0601
6/5/2014,6280.1602
6/6/2014,6279.1401
6/9/2014,6287.0298
6/10/2014,6293.6401
6/11/2014,6293.3599
6/13/2014,6337.2202
6/16/2014,6344.1001
6/17/2014,6344.4102
6/18/2014,6317.6099
6/19/2014,6313.2002
6/20/2014,6302.4502
6/23/2014,6299.3501
6/24/2014,6310.8701
6/25/2014,6321.5498
6/26/2014,6328.1602
6/27/2014,6363.4902
6/30/2014,6378.6201
7/1/2014,6376.0098
7/2/2014,6432.52
7/3/2014,6467.2798
7/4/2014,6477.5098
7/7/2014,6499
7/8/2014,6565.8101
7/9/2014,6613.8398
7/10/2014,6668.8599
7/11/2014,6661.3999
7/14/2014,6699.0298
7/15/2014,6727.79
7/16/2014,6742.5601
7/17/2014,6721.8701
7/18/2014,6722.2002
7/21/2014,6756.52
7/22/2014,6796.3701
7/23/2014,6783.98
7/24/2014,6781.3999
7/25/2014,6783.6401
7/28/2014,6784.27
7/30/2014,6801.8398
7/31/2014,6813.8999
8/1/2014,6810.1299
8/4/2014,6822.1499
8/5/2014,6815.4199
8/6/2014,6833.2598
8/7/2014,6908.1802
8/8/2014,6918.23
8/11/2014,6942.9199
8/12/2014,6947.8999
8/13/2014,6954.1401
8/14/2014,6973.0898
8/15/2014,6943.8501
8/18/2014,6974.71
8/19/2014,6981.46
8/20/2014,6999.9702
8/21/2014,7004.75
8/22/2014,7008.02
8/25/2014,6984.0298
8/26/2014,7013.3198
8/27/2014,6984.9102
8/28/2014,6991.7598
8/29/2014,7034.0898
9/1/2014,7030.8901
9/2/2014,7024.8198
9/3/2014,7047.1001
9/4/2014,7060.6001
9/5/2014,7087.4102
9/9/2014,7123.4399
9/10/2014,7163.25
9/11/2014,7199.25
9/12/2014,7218.6802
9/15/2014,7174.9702
9/16/2014,7176.1001
9/17/2014,7179.2002
9/18/2014,7206.8999
9/19/2014,7234.9199
9/22/2014,7256.4102
9/23/2014,7260.6401
9/24/2014,7254.4302
9/25/2014,7232.98
9/26/2014,7233.71
9/29/2014,7238.1602
9/30/2014,7252.1401
10/1/2014,7293.0801
10/2/2014,7351.0498
10/3/2014,7406.6001
10/7/2014,7396.0098
10/9/2014,7386.0801
10/10/2014,7321
10/13/2014,7184.2202
10/14/2014,7205.4702
10/15/2014,7288.8301
10/16/2014,7257.0698
10/17/2014,7234.4702
10/20/2014,7213.4502
10/21/2014,7161.1602
10/23/2014,7189.5098
10/24/2014,7213.48
10/27/2014,7221.0801
10/28/2014,7227.1201
10/29/2014,7265.8999
10/30/2014,7294.4102
10/31/2014,7326.8101
11/3/2014,7353.1499
11/4/2014,7320.8901
11/5/2014,7358.46
11/7/2014,7416.1499
11/10/2014,7403.3799
11/11/2014,7412.7202
11/12/2014,7469.4102
11/13/2014,7479.6899
11/14/2014,7501.0898
11/17/2014,7501.0898
11/18/2014,7524
11/19/2014,7548.23
11/20/2014,7530.3291
11/21/2014,7401.6182
11/24/2014,7235.252
11/25/2014,7239.3618
11/26/2014,7179.7241
11/27/2014,7115.8892
11/28/2014,7153.8999
12/1/2014,7275.6802
12/2/2014,7230.583
12/3/2014,7274.4282
12/4/2014,7254.8018
12/5/2014,7238.9209
12/8/2014,7241.4731
12/9/2014,7217.9409
12/10/2014,7254.2852
12/11/2014,7243.3428
12/12/2014,7236.3652
12/15/2014,7230.2642
12/16/2014,7223.562
12/17/2014,7199.7339
12/18/2014,7230.5171
12/19/2014,7252.6021
12/22/2014,7251.5669
12/23/2014,7238.0518
12/24/2014,7263.2471
12/26/2014,7309.0259
12/29/2014,7287.5889
12/30/2014,7291.3291
12/31/2014,7298.9541
1/2/2015,7348.394
1/6/2015,7420.1348
1/7/2015,7438.52
1/8/2015,7497.5952
1/9/2015,7605.792
1/12/2015,7566.6958
1/13/2015,7566.7002
1/16/2015,7513.8628
1/19/2015,7366.6812
1/20/2015,7368.499
1/21/2015,7324.4038
1/22/2015,7329.5928
1/23/2015,7276.6299
1/26/2015,7316.0801
1/27/2015,7367.6499
1/28/2015,7395.29
1/29/2015,7376.5098
1/30/2015,7180.0498
2/2/2015,7000.0601
2/5/2015,7047.3101
2/6/2015,7162.75
2/9/2015,7198.4399
2/10/2015,7304.7002
2/11/2015,7359.4102
2/12/2015,7331.3901
2/13/2015,7335.5098
2/16/2015,7300.75
2/18/2015,7266.8398
2/19/2015,7306.1699
2/20/2015,7314.9102
2/23/2015,7326.3101
2/24/2015,7311.29
2/25/2015,7304.6099
2/26/2015,7317.4399
2/27/2015,7301.29
3/2/2015,7244.3999
3/3/2015,7234.9199
3/4/2015,7202.2002
3/6/2015,7183.5
3/9/2015,7136.3301
3/10/2015,7130.0498
3/11/2015,7110.1899
3/12/2015,7109.0698
3/13/2015,7091.25
3/16/2015,7050.9102
3/17/2015,7057
3/18/2015,7043.8999
3/19/2015,7046.7002
3/20/2015,7054.5801
3/23/2015,7042.2998
3/24/2015,6997.9302
3/25/2015,6973.0298
3/26/2015,6922.8301
3/27/2015,6873.52
3/30/2015,6782.4302
3/31/2015,6820.3398
4/1/2015,6916.0801
4/2/2015,6948.1401
4/6/2015,6917.5098
4/7/2015,6927.25
4/8/2015,6913.73
4/9/2015,6899.29
4/10/2015,6901.0601
4/15/2015,6981.0298
4/16/2015,7077.27
4/17/2015,7086.4102
4/20/2015,7080.3799
4/21/2015,7098.6001
4/22/2015,7117.1299
4/23/2015,7114.3901
4/24/2015,7129.7798
4/27/2015,7125.1201
4/28/2015,7134.4302
4/29/2015,7173.3701
4/30/2015,7179
5/5/2015,7202.1099
5/6/2015,7192.29
5/7/2015,7212.8999
5/8/2015,7212.4702
5/11/2015,7213.6299
5/12/2015,7258.6099
5/13/2015,7245.0498
5/14/2015,7236.8701
5/15/2015,7258.6699
5/18/2015,7255.02
5/19/2015,7266.2002
5/20/2015,7289.77
5/21/2015,7273.6899
5/22/2015,7288.7402
5/25/2015,7284.7598
5/26/2015,7261.7798
5/27/2015,7253.5
5/28/2015,7255.71
5/29/2015,7220.29
6/1/2015,7195.1899
6/3/2015,7149.46
6/4/2015,7120.9102
6/5/2015,7122.73
6/8/2015,7078.6602
6/9/2015,7067.1099
6/10/2015,7063.4502
6/11/2015,7051.52
6/12/2015,7061.2798
6/15/2015,7078.9702
6/16/2015,7044.6001
6/17/2015,7049.71
6/18/2015,7064.1499
6/19/2015,7035.1499
6/22/2015,7039.6499
6/23/2015,7053.96
6/24/2015,7053.8301
6/25/2015,7031.3301
6/26/2015,7016.2002
6/29/2015,7032.1499
6/30/2015,7020.7998
7/2/2015,6982.7998
7/3/2015,7007.0498
7/6/2015,6989.4102
7/7/2015,6967.7798
7/8/2015,6923.79
7/9/2015,6947.0498
7/10/2015,6984.1201
7/13/2015,7002.7798
7/14/2015,7027
7/15/2015,7066.1899
7/16/2015,7124.1401
7/17/2015,7161.96
7/20/2015,7147.8599
7/21/2015,7145.5898
7/22/2015,7199.6299
7/23/2015,7212.6201
7/24/2015,7269.0498
7/27/2015,7247.23
7/28/2015,7261.0698
7/29/2015,7313.9702
7/30/2015,7332.0498
8/3/2015,7336.5898
8/4/2015,7310.0498
8/5/2015,7366.3101
8/6/2015,7377.2402
8/7/2015,7370.6001
8/10/2015,7377.9399
8/11/2015,7458.9199
8/12/2015,7471.8999
8/13/2015,7442.75
8/14/2015,7462.3398
8/18/2015,7498.7002
8/19/2015,7498.7798
8/20/2015,7449.8198
8/21/2015,7471.1699
8/24/2015,7331.0898
8/25/2015,7231.5801
8/26/2015,7240.1001
8/27/2015,7273.1401
8/28/2015,7350.52
8/31/2015,7306.9399
9/1/2015,7298.75
9/2/2015,7240.3901
9/3/2015,7245.5
9/4/2015,7215.1099
9/7/2015,7149.7002
9/8/2015,7124.46
9/9/2015,7183.25
9/10/2015,7159.9399
9/11/2015,7153.4902
9/14/2015,7162.4399
9/15/2015,7152.4302
9/16/2015,7137.3999
9/17/2015,7113.5098
9/18/2015,7107.8701
9/21/2015,7104.3701
9/22/2015,7118.3799
9/23/2015,7114.8301
9/25/2015,7110.7998
9/28/2015,7078.6401
9/29/2015,7085.3799
9/30/2015,7050.8701
10/1/2015,7080.48
10/2/2015,7105.54
10/5/2015,7089.0601
10/6/2015,7085.9302
10/7/2015,7085.4502
10/8/2015,7085.6499
10/9/2015,7096.0601
10/12/2015,7100
10/13/2015,7078.4502
10/14/2015,7040.3198
10/15/2015,7030.4502
10/16/2015,7020.7402
10/19/2015,7017.3501
10/20/2015,7041.2598
10/21/2015,7055.6699
10/22/2015,7068.8501
10/23/2015,7081.4902
10/26/2015,7083.48
10/28/2015,7094.0898
10/29/2015,7070.1299
10/30/2015,7042.0601
11/2/2015,7029.0698
11/3/2015,7000.4102
11/4/2015,7003.5698
11/5/2015,7017.3901
11/6/2015,7059.48
11/9/2015,7050.21
11/11/2015,7019.23
11/12/2015,7006.3501
11/13/2015,7001.8101
11/16/2015,6965.98
11/17/2015,6977.9502
11/18/2015,6981.9702
11/19/2015,7020.1802
11/20/2015,7017.4399
11/23/2015,7055.8398
11/24/2015,7009.9902
11/26/2015,6963.3701
11/27/2015,6961.4102
11/30/2015,6909.1499
12/1/2015,6895.1899
12/2/2015,6862.79
12/3/2015,6880.6602
12/4/2015,6869.5601
12/7/2015,6858.6299
12/8/2015,6849.0898
12/9/2015,6841.5498
12/10/2015,6823.9102
12/11/2015,6832.3501
12/14/2015,6803.0801
12/15/2015,6820.77
12/16/2015,6833.5098
12/17/2015,6859.9902
12/18/2015,6884.6899
12/21/2015,6881.75
12/22/2015,6854.5698
12/23/2015,6858.6401
12/28/2015,6828.5098
12/29/2015,6847.7402
12/30/2015,6870.6299
12/31/2015,6894.5
1/4/2016,6867.6201
1/5/2016,6845.2998
1/6/2016,6817.6499
1/7/2016,6775.27
1/8/2016,6726.2798
1/11/2016,6650.3198
1/12/2016,6534.3501
1/13/2016,6554.3701
1/14/2016,6446.2002
1/18/2016,6324.6099
1/19/2016,6283.2402
1/20/2016,6261.1802
1/21/2016,6349.71
1/22/2016,6382.2402
1/25/2016,6354.8301
1/26/2016,6322.8701
1/27/2016,6316.46
1/28/2016,6319.8901
1/29/2016,6340.0498
2/1/2016,6363.1802
2/2/2016,6425.96
2/3/2016,6402.7998
2/5/2016,6404.6401
2/8/2016,6401.6602
2/9/2016,6372.71
2/10/2016,6364.3999
2/11/2016,6314.8198
2/12/2016,6283
2/15/2016,6266.1699
2/16/2016,6254.1602
2/17/2016,6220.8198
2/18/2016,6208.8901
2/19/2016,6250.7798
2/23/2016,6228.9902
2/24/2016,6217.6401
2/25/2016,6202.6401
2/26/2016,6203.98
2/29/2016,6191.8101
3/1/2016,6113.3999
3/2/2016,6078.4102
3/3/2016,6060.9102
3/4/2016,6057.2202
3/8/2016,5942.9399
3/9/2016,5862.3501
3/10/2016,5948.23
3/11/2016,6019.9502
3/14/2016,5979.4302
3/15/2016,5970.3999
3/16/2016,6021.3701
3/17/2016,6068.1699
3/18/2016,6057.79
3/21/2016,6088.5698
3/23/2016,6073.5
3/24/2016,6092.4502
3/28/2016,6062.0498
3/29/2016,6037.6001
3/30/2016,6040.9902
3/31/2016,6071.8799
4/1/2016,6083.0098
4/4/2016,6079.1499
4/5/2016,6159.02
4/6/2016,6165.1099
4/7/2016,6230.1899
4/8/2016,6275.6201
4/11/2016,6275.6201
4/12/2016,6353.2002
4/15/2016,6401.3198
4/18/2016,6382.3101
4/19/2016,6387.8501
4/20/2016,6423.1299
4/22/2016,6422.6499
4/25/2016,6379.5298
4/26/2016,6405.29
4/27/2016,6434.2402
4/28/2016,6442.5298
4/29/2016,6516.2598
5/3/2016,6583.1001
5/4/2016,6568.8501
5/5/2016,6578.3398
5/6/2016,6592.4502
5/9/2016,6594.7998
5/10/2016,6637.7402
5/11/2016,6661.4502
5/12/2016,6656.1201
5/13/2016,6679.8398
5/16/2016,6708.3999
5/17/2016,6670.79
5/18/2016,6680.1499
5/19/2016,6648.1299
5/20/2016,6633.27
5/24/2016,6570.5801
5/25/2016,6583.4902
5/26/2016,6568.7598
5/27/2016,6571.21
5/30/2016,6552.8501
5/31/2016,6550.5098
6/1/2016,6542.75
6/2/2016,6523.8398
6/3/2016,6519.23
6/6/2016,6518.98
6/7/2016,6524
6/8/2016,6526.1201
6/9/2016,6528.0298
6/10/2016,6530.5
6/13/2016,6538.25
6/14/2016,6518.0801
6/15/2016,6500.6401
6/16/2016,6435.77
6/17/2016,6465.9902
6/20/2016,6461.1201
6/21/2016,6446.8799
6/22/2016,6420.7998
6/23/2016,6398.0601
6/24/2016,6370.1099
6/27/2016,6318.21
6/28/2016,6307.3999
6/29/2016,6290.8901
6/30/2016,6283.27
7/1/2016,6287.0898
7/4/2016,6254.77
7/5/2016,6280.3901
7/7/2016,6310.6899
7/8/2016,6366.3101
7/11/2016,6372.2402
7/12/2016,6401.3101
7/13/2016,6402.7798
7/14/2016,6401.8999
7/15/2016,6422.6899
7/18/2016,6415.8101
7/20/2016,6414.4902
7/21/2016,6417.46
7/22/2016,6428.77
7/25/2016,6397.0898
7/26/2016,6387.8501
7/27/2016,6382.4199
7/28/2016,6392.1499
7/29/2016,6393.8701
8/1/2016,6410.4199
8/2/2016,6503.2998
8/3/2016,6511.5801
8/4/2016,6478.25
8/5/2016,6517.1299
8/8/2016,6506.9302
8/9/2016,6510.1099
8/10/2016,6543.75
8/11/2016,6514.77
8/12/2016,6522.1401
8/15/2016,6582.6001
8/16/2016,6577.9502
8/18/2016,6593.25
8/19/2016,6602.2402
8/22/2016,6594.5898
8/23/2016,6603.7598
8/24/2016,6588.2998
8/25/2016,6589.71
8/26/2016,6550.9102
8/29/2016,6540.1899
8/30/2016,6541.7998
8/31/2016,6528.21
9/1/2016,6540.29
9/2/2016,6539.0898
9/5/2016,6523.4702
9/6/2016,6524.46
9/7/2016,6507.98
9/8/2016,6501.8901
9/9/2016,6494.8599
9/13/2016,6508.0898
9/14/2016,6492.7402
9/15/2016,6472.4702
9/19/2016,6450.4399
9/20/2016,6429.9399
9/21/2016,6451.6099
9/22/2016,6464.9399
9/23/2016,6479.21
9/26/2016,6478.9399
9/27/2016,6483.29
9/28/2016,6512.3198
9/29/2016,6528.2998
9/30/2016,6534.77
10/3/2016,6574.3901
10/4/2016,6591.4102
10/5/2016,6579.7798
10/6/2016,6566.96
10/7/2016,6582.3398
10/10/2016,6562.5
10/11/2016,6538.2798
10/12/2016,6510.1802
10/13/2016,6487.1299
10/14/2016,6482.54
10/17/2016,6452.6899
10/18/2016,6442.8701
10/19/2016,6444.3901
10/20/2016,6442.3599
10/21/2016,6447.5298
10/24/2016,6418.3398
10/25/2016,6436.9702
10/26/2016,6434.8901
10/27/2016,6438.5
10/28/2016,6424.8501
10/31/2016,6409.23
11/1/2016,6400.1699
11/2/2016,6429.04
11/3/2016,6442.0898
11/4/2016,6435.1699
11/7/2016,6444.9702
11/8/2016,6439.0601
11/9/2016,6417.5498
11/10/2016,6420.7798
11/11/2016,6415.5898
11/15/2016,6406.1602
11/16/2016,6349.0298
11/17/2016,6344.2798
11/18/2016,6326.1099
11/21/2016,6275.2598
11/22/2016,6255.98
11/23/2016,6242.6802
11/24/2016,6253.2798
11/25/2016,6252.1201
11/28/2016,6238.8701
11/29/2016,6231.8701
11/30/2016,6241.1001
12/1/2016,6309.04
12/2/2016,6325.5698
12/5/2016,6368.1201
12/6/2016,6350.3999
12/7/2016,6327.2998
12/8/2016,6337.8198
12/9/2016,6324.1001
12/14/2016,6299.0098
12/15/2016,6285.5298
12/16/2016,6268.6099
12/19/2016,6250.5698
12/20/2016,6234.75
12/21/2016,6227.3301
12/22/2016,6209.6499
12/23/2016,6216.5601
12/27/2016,6202.8301
12/28/2016,6228.5098
12/29/2016,6245.71
12/30/2016,6228.2598
1/2/2017,6192.8701
1/3/2017,6159.1201
1/4/2017,6153.1299
1/5/2017,6147.52
1/6/2017,6153.02
1/9/2017,6155.52
1/10/2017,6152.5898
1/11/2017,6184.54
1/13/2017,6217.7202
1/16/2017,6201.6499
1/17/2017,6186.52
1/18/2017,6185.0098
1/19/2017,6164.8999
1/23/2017,6162.0498
1/24/2017,6134.4102
1/25/2017,6127.0801
1/26/2017,6130.0498
1/27/2017,6137.7002
1/30/2017,6140.54
1/31/2017,6132.6802
2/1/2017,6130.0698
2/2/2017,6139.5601
2/3/2017,6119.9902
2/6/2017,6068.3101
2/7/2017,6093.04
2/8/2017,6096.3901
2/9/2017,6094.1499
2/13/2017,6138.73
2/14/2017,6148.9399
2/15/2017,6175.5
2/16/2017,6173.7202
2/20/2017,6139.5098
2/21/2017,6127.4902
2/22/2017,6129.6899
2/23/2017,6138.1401
2/27/2017,6122.04
2/28/2017,6134.2798
3/1/2017,6121.4302
3/2/2017,6127.1099
3/3/2017,6101.5098
3/6/2017,6117.1899
3/7/2017,6108.1099
3/8/2017,6095.0698
3/9/2017,6088.7998
3/10/2017,6084.9902
3/13/2017,6070.7998
3/14/2017,6046.79
3/15/2017,6032.1602
3/16/2017,6028.5698
3/17/2017,6047.8398
3/20/2017,6041.1699
3/21/2017,6041.5898
3/22/2017,5996.6499
3/23/2017,5979.8501
3/24/2017,5996.2798
3/27/2017,5974.9399
3/28/2017,5985.0801
3/29/2017,6021.54
3/30/2017,6040.1802
3/31/2017,6061.9399
4/3/2017,6080.0098
4/4/2017,6146.6899
4/5/2017,6198.3198
4/6/2017,6250.04
4/7/2017,6292.9399
4/11/2017,6305.54
4/12/2017,6402.9902
4/17/2017,6351.2598
4/18/2017,6382.3701
4/19/2017,6446.7998
4/20/2017,6505.2798
4/21/2017,6535.54
4/24/2017,6505.9502
4/25/2017,6492.77
4/26/2017,6516.2598
4/27/2017,6571.6499
4/28/2017,6610.46
5/2/2017,6608.1602
5/3/2017,6563.8501
5/4/2017,6602.4399
5/5/2017,6640.5698
5/8/2017,6667.46
5/9/2017,6666.8301
5/12/2017,6671.98
5/15/2017,6659.8701
5/16/2017,6692.3301
5/17/2017,6720.7002
5/18/2017,6697.8999
5/19/2017,6729.6602
5/22/2017,6726.8999
5/23/2017,6689.96
5/24/2017,6711.6699
5/25/2017,6714.9502
5/26/2017,6697.8599
5/29/2017,6679.46
5/30/2017,6655.25
5/31/2017,6674.3198
6/1/2017,6693.6802
6/2/2017,6689.0698
6/5/2017,6676.3198
6/6/2017,6669.5298
6/7/2017,6664
6/9/2017,6668.96
6/12/2017,6663.1499
6/13/2017,6648.3999
6/14/2017,6669.73
6/15/2017,6694.6401
6/16/2017,6718.8301
6/19/2017,6684.02
6/20/2017,6705.4502
6/21/2017,6731.25
6/22/2017,6714.73
6/23/2017,6715.3301
6/27/2017,6703.1802
6/28/2017,6697.0801
6/29/2017,6702.5298
6/30/2017,6747.0698
7/3/2017,6733.0601
7/4/2017,6734.1299
7/5/2017,6709.7598
7/6/2017,6714.3398
7/7/2017,6737.5
7/10/2017,6758.2402
7/11/2017,6748.1499
7/12/2017,6746.1001
7/13/2017,6738.4199
7/14/2017,6766.1401
7/17/2017,6741.0698
7/18/2017,6735.04
7/19/2017,6695.23
7/20/2017,6684.4702
7/21/2017,6669.5098
7/24/2017,6664.1201
7/25/2017,6662.3398
7/26/2017,6669.0498
7/27/2017,6668.8599
7/28/2017,6666.0498
7/31/2017,6637.3901
8/1/2017,6604.71
8/2/2017,6585.5298
8/3/2017,6571.48
8/4/2017,6567.4302
8/8/2017,6524.1299
8/9/2017,6506.0298
8/10/2017,6516.3198
8/11/2017,6494.77
8/14/2017,6485.7598
8/15/2017,6440.9102
8/16/2017,6417.4102
8/17/2017,6408.1201
8/18/2017,6436.2798
8/21/2017,6420.5298
8/22/2017,6395.3198
8/23/2017,6383.27
8/24/2017,6382.54
8/25/2017,6409.3701
8/28/2017,6412.3701
8/29/2017,6398.79
8/30/2017,6390.2598
8/31/2017,6390.7402
9/4/2017,6385.5601
9/6/2017,6361.0298
9/7/2017,6362.1802
9/8/2017,6375.8599
9/11/2017,6372.2402
9/12/2017,6377.3799
9/13/2017,6372.7002
9/14/2017,6381.46
9/15/2017,6402.0298
9/18/2017,6409.6499
9/19/2017,6428.0698
9/20/2017,6452.9102
9/21/2017,6451.5498
9/22/2017,6427.2598
9/25/2017,6412.0698
9/26/2017,6419.6099
9/27/2017,6419.4702
9/28/2017,6433.54
9/29/2017,6438.2402
10/2/2017,6470.96
10/3/2017,6494.2202
10/4/2017,6507.0898
10/6/2017,6529.0498
10/9/2017,6515.8398
10/10/2017,6523.6802
10/11/2017,6559.6099
10/12/2017,6621.5601
10/13/2017,6632.2998
10/16/2017,6595.9399
10/17/2017,6572.0498
10/19/2017,6555.46
10/20/2017,6572.7002
10/23/2017,6570.5601
10/24/2017,6590.5
10/25/2017,6614.5498
10/26/2017,6633.2002
10/27/2017,6612.9102
10/30/2017,6607.1401
10/31/2017,6617.3599
11/1/2017,6624.2002
11/2/2017,6621.4702
11/6/2017,6602.7202
11/7/2017,6595.8901
11/8/2017,6598.2598
11/9/2017,6567.0698
11/10/2017,6552.5898
11/13/2017,6511.5498
11/14/2017,6457.8999
11/15/2017,6428.8301
11/16/2017,6448.98
11/17/2017,6483.5498
11/20/2017,6473.8701
11/21/2017,6458.73
11/22/2017,6464.4399
11/23/2017,6456.1099
11/24/2017,6413.6802
11/27/2017,6417.1499
11/28/2017,6405.2202
11/29/2017,6405.5298
11/30/2017,6411.8398
12/4/2017,6405.9102
12/5/2017,6390.5498
12/6/2017,6380.9102
12/7/2017,6382.9502
12/8/2017,6375.21
12/11/2017,6357.4102
12/12/2017,6360.3599
12/13/2017,6352.77
12/14/2017,6357.04
12/15/2017,6352.1001
12/18/2017,6346.7002
12/19/2017,6325.46
12/20/2017,6321.3599
12/21/2017,6323.52
12/22/2017,6323.7402
12/26/2017,6350.2998
12/27/2017,6359.0601
12/28/2017,6364.3398
12/29/2017,6369.2598
1/2/2018,6411.27
1/3/2018,6463.5
1/4/2018,6459.6602
1/5/2018,6514.73
1/8/2018,6540.5098
1/9/2018,6527.1401
1/10/2018,6502.96
1/11/2018,6496.23
1/12/2018,6473.6201
1/16/2018,6447.6099
1/17/2018,6439.3398
1/18/2018,6410.1099
1/19/2018,6443.5
1/22/2018,6421.3999
1/23/2018,6418.0498
1/24/2018,6440.77
1/25/2018,6448.21
1/26/2018,6456.04
1/29/2018,6453.9502
1/30/2018,6476.4102
2/1/2018,6498.4502
2/2/2018,6520.46
2/6/2018,6512.54
2/7/2018,6507.25
2/8/2018,6542.8999
2/9/2018,6572.29
2/12/2018,6542.9902
2/14/2018,6532.2598
2/15/2018,6553.21
2/16/2018,6563.6899
2/19/2018,6565.6299
2/20/2018,6577.8398
2/21/2018,6598.73
2/22/2018,6571.54
2/23/2018,6575.3901
2/26/2018,6560.3198
2/27/2018,6559.4199
2/28/2018,6551.7798
3/2/2018,6557.02
3/5/2018,6552.8101
3/6/2018,6533.46
3/7/2018,6503.8599
3/8/2018,6521.2402
3/9/2018,6551.1899
3/12/2018,6547.73
3/13/2018,6554.8301
3/14/2018,6519.48
3/15/2018,6500.9902
3/16/2018,6509.46
3/19/2018,6493.6299
3/20/2018,6462.5
3/21/2018,6445.9702
3/22/2018,6451.5098
3/23/2018,6443.75
3/26/2018,6448.6001
3/27/2018,6440.4302
3/28/2018,6440.2002
3/29/2018,6476.7798
4/2/2018,6449.8999
4/3/2018,6458.3301
4/4/2018,6444.4102
4/5/2018,6474.7002
4/6/2018,6455.3198
4/9/2018,6431.1001
4/10/2018,6439.8301
4/11/2018,6451.1699
4/12/2018,6483.9199
4/16/2018,6496.4399
4/17/2018,6544.25
4/18/2018,6551.8301
4/19/2018,6528.5698
4/23/2018,6525.1699
4/24/2018,6516.71
4/25/2018,6533.6299
4/26/2018,6521.7402
4/27/2018,6531.0601
5/1/2018,6537.6201
5/2/2018,6518.6401
5/3/2018,6523.8799
5/4/2018,6506.7402
5/8/2018,6485.5698
5/9/2018,6483.6499
5/10/2018,6479.71
5/11/2018,6478.8701
5/14/2018,6444.96
5/15/2018,6456.3198
5/16/2018,6483.4702
5/17/2018,6473.1802
5/18/2018,6492.0601
5/21/2018,6466.0698
5/22/2018,6472.25
5/23/2018,6465.48
5/24/2018,6472.21
5/25/2018,6467.7998
5/28/2018,6453.4102
5/30/2018,6420.98
5/31/2018,6398.4399
6/1/2018,6401.0298
6/4/2018,6394.9302
6/5/2018,6409.5098
6/6/2018,6399.9102
6/7/2018,6363.6201
6/8/2018,6354.9199
6/11/2018,6352.6099
6/12/2018,6348.5298
6/13/2018,6337.8799
6/14/2018,6331.1001
6/18/2018,6310.5098
6/19/2018,6265.73
6/20/2018,6217.9102
6/21/2018,6229.0601
6/22/2018,6228.1499
6/25/2018,6220.1299
6/26/2018,6188.0498
6/28/2018,6181.48
6/29/2018,6194.6299
7/2/2018,6128.3398
7/3/2018,6081.0801
7/4/2018,6044.0298
7/5/2018,6117.8599
7/6/2018,6108.71
7/9/2018,6077.3198
7/10/2018,6077.3701
7/11/2018,6092.6499
7/12/2018,6118.7998
7/13/2018,6138.0801
7/16/2018,6130.6201
7/17/2018,6179.8799
7/18/2018,6160.6899
7/19/2018,6183.02
7/20/2018,6191.1699
7/23/2018,6184.6802
7/24/2018,6183.6401
7/25/2018,6162.4902
7/26/2018,6153.9902
7/30/2018,6128.9502
7/31/2018,6147.27
8/1/2018,6129.3198
8/2/2018,6136.3501
8/3/2018,6143.8999
8/6/2018,6142.6499
8/7/2018,6117.6299
8/8/2018,6120.6899
8/9/2018,6155.4102
8/10/2018,6141.5498
8/13/2018,6128.8198
8/14/2018,6113
8/15/2018,6086.7402
8/16/2018,6083.5898
8/17/2018,6051.1001
8/20/2018,6044.23
8/21/2018,6040.3701
8/23/2018,6055.7598
8/24/2018,6052.6899
8/27/2018,6044.1401
8/28/2018,6010.23
8/29/2018,6044.6699
8/30/2018,6076.6802
8/31/2018,6080.2598
9/3/2018,6091.4502
9/4/2018,6128
9/5/2018,6120.29
9/6/2018,6112.3198
9/7/2018,6117.8901
9/10/2018,6096.54
9/11/2018,6095.23
9/12/2018,6059
9/13/2018,6060.6802
9/14/2018,6031.2598
9/17/2018,6028.4902
9/18/2018,5971.21
9/19/2018,5974.75
9/20/2018,5922.1802
9/21/2018,5904.8999
9/25/2018,5833.5801
9/26/2018,5887.52
9/27/2018,5869.3101
9/28/2018,5862.1802
10/1/2018,5817.54
10/2/2018,5807.7402
10/3/2018,5813.8301
10/4/2018,5835.6001
10/5/2018,5883.77
10/8/2018,5908.0601
10/9/2018,5880.3799
10/10/2018,5872.02
10/11/2018,5838.48
10/12/2018,5815.0298
10/15/2018,5774.3701
10/16/2018,5796.02
10/17/2018,5776.75
10/18/2018,5778.3701
10/19/2018,5761.0898
10/22/2018,5766
10/23/2018,5770.52
10/25/2018,5768.54
10/26/2018,5831.96
10/29/2018,5944.1802
10/30/2018,5964.3198
10/31/2018,5953.4702
11/1/2018,6114.1299
11/2/2018,6092.21
11/5/2018,6062.0898
11/7/2018,5987.21
11/8/2018,5930.5898
11/9/2018,5978.6299
11/12/2018,5980.9399
11/13/2018,5993.54
11/14/2018,5947.3599
11/15/2018,5967.3398
11/16/2018,5955.4302
11/19/2018,5947.8999
11/21/2018,5950.1899
11/23/2018,5930.0498
11/26/2018,5943.0698
11/27/2018,5971.4102
11/28/2018,5981.1602
11/29/2018,5992.7002
11/30/2018,6019.3301
12/3/2018,6025.2002
12/4/2018,6011.6802
12/5/2018,5997.23
12/6/2018,6032.54
12/7/2018,6069.2202
12/10/2018,6043.4902
12/11/2018,6026.2598
12/12/2018,6035.27
12/13/2018,6060.2002
12/14/2018,6062.5498
12/17/2018,6067.6299
12/18/2018,6047.48
12/19/2018,6050.9502
12/20/2018,6016.3599
12/21/2018,6005.6499
12/24/2018,6025.1201
12/26/2018,6019.6201
12/27/2018,6018.1899
12/28/2018,6015.23
12/31/2018,6052.3701
1/2/2019,6062.2002
1/3/2019,6058.48
1/4/2019,6067.6602
1/7/2019,6022.9902
1/8/2019,5992.3599
1/9/2019,5982.1899
1/10/2019,5984.0498
1/11/2019,5967.27
1/14/2019,5981.02
1/16/2019,5973.3398
1/17/2019,5989.1201
1/18/2019,5988.0698
1/21/2019,5958.4702
1/22/2019,5944.1699
1/23/2019,5951.5601
1/24/2019,5960.3398
1/25/2019,5978.2998
1/28/2019,5973.46
1/29/2019,5997.1201
1/30/2019,5991.29
1/31/2019,5989.8999
2/1/2019,5982.0498
2/5/2019,5981.6499
2/6/2019,5957.4102
2/7/2019,5959.79
2/8/2019,5964.1401
2/11/2019,5960.6201
2/12/2019,5930.21
2/13/2019,5930.4702
2/14/2019,5932.4502
2/15/2019,5909.2998
2/18/2019,5897.3301
2/20/2019,5880.1699
2/21/2019,5839.04
2/22/2019,5837.7202
2/25/2019,5826.2598
2/26/2019,5822.27
2/27/2019,5799.98
2/28/2019,5816.29
3/1/2019,5754.3101
3/5/2019,5770.5698
3/6/2019,5751.6001
3/7/2019,5752.3501
3/8/2019,5722.25
3/11/2019,5680.2998
3/12/2019,5646.7798
3/13/2019,5606.96
3/14/2019,5632.79
3/15/2019,5616.2402
3/18/2019,5614.98
3/19/2019,5591.6699
3/21/2019,5571.2998
3/22/2019,5540.0498
3/25/2019,5529.6699
3/26/2019,5513.6802
3/27/2019,5511.77
3/28/2019,5556.2798
3/29/2019,5557.2402
4/1/2019,5567.77
4/2/2019,5578.4302
4/3/2019,5597.3701
4/4/2019,5653.4302
4/5/2019,5621.3599
4/8/2019,5595.46
4/9/2019,5583.6602
4/10/2019,5583.5801
4/11/2019,5576.1099
4/12/2019,5585.2998
4/16/2019,5591.8301
4/17/2019,5603.3501
4/18/2019,5606.3501
4/23/2019,5402.5801
4/24/2019,5413.5498
4/25/2019,5422.8901
4/26/2019,5437.0601
4/29/2019,5443.3101
4/30/2019,5478.4102
5/2/2019,5458.7798
5/3/2019,5438.75
5/6/2019,5386.27
5/7/2019,5382.54
5/8/2019,5372.9702
5/9/2019,5352.2002
5/10/2019,5327.6802
5/13/2019,5307.2002
5/14/2019,5223.6899
5/15/2019,5199.98
5/16/2019,5251.79
5/17/2019,5259.71
5/21/2019,5291.2798
5/22/2019,5295.6802
5/23/2019,5305.7998
5/24/2019,5295.1099
5/27/2019,5291.4902
5/28/2019,5293.4902
5/29/2019,5319.8301
5/30/2019,5324.54
5/31/2019,5310.9502
6/3/2019,5299.5
6/4/2019,5277.3198
6/6/2019,5276.8398
6/7/2019,5298.1802
6/10/2019,5323.0698
6/11/2019,5335.29
6/12/2019,5378.73
6/13/2019,5387.3599
6/14/2019,5383.7202
6/17/2019,5384.9302
6/18/2019,5375.6001
6/19/2019,5392.2998
6/20/2019,5372.3701
6/21/2019,5363.5
6/24/2019,5354.5298
6/25/2019,5342.4902
6/26/2019,5348.5698
6/27/2019,5345.1299
6/28/2019,5372.2798
7/1/2019,5376.6699
7/2/2019,5391.21
7/3/2019,5411.5498
7/4/2019,5508.9702
7/5/2019,5515.8101
7/8/2019,5504.6001
7/9/2019,5514.3999
7/10/2019,5521.8301
7/11/2019,5561.2798
7/12/2019,5569.9399
7/15/2019,5587.3599
7/17/2019,5645.6499
7/18/2019,5695.6899
7/19/2019,5715.1401
7/22/2019,5659.77
7/23/2019,5683.4702
7/24/2019,5745.9702
7/25/2019,5794.6602
7/26/2019,5872.8901
7/29/2019,5995.2002
7/30/2019,5951.75
7/31/2019,5935.3398
8/1/2019,5897.2598
8/2/2019,5894.7002
8/5/2019,5889.6699
8/6/2019,5846.9399
8/7/2019,5889.6802
8/8/2019,5878.2598
8/9/2019,5943.1099
8/13/2019,5949.2998
8/15/2019,5917.1499
8/16/2019,5894.5098
8/19/2019,5869.0698
8/20/2019,5912.46
8/21/2019,5907.7402
8/22/2019,5905.02
8/23/2019,5898.4702
8/26/2019,5881.7202
8/27/2019,5908.9302
8/28/2019,5910.9199
8/29/2019,5900.48
8/30/2019,5889.8599
9/2/2019,5878.29
9/3/2019,5883.4199
9/4/2019,5861.54
9/5/2019,5850.25
9/6/2019,5798.5698
9/9/2019,5816.52
9/10/2019,5822.4702
9/11/2019,5820.8398
9/12/2019,5825.54
9/16/2019,5828.1401
9/17/2019,5811.0698
9/18/2019,5807.5098
9/19/2019,5811.04
9/20/2019,5793.8901
9/23/2019,5776.48
9/24/2019,5743.54
9/25/2019,5762.3999
9/26/2019,5772.7598
9/27/2019,5771.6899
9/30/2019,5738.2402
10/1/2019,5733.6401
10/2/2019,5697.9302
10/3/2019,5677.5
10/4/2019,5674.6401
10/7/2019,5708.9199
10/8/2019,5738.8999
10/9/2019,5809.5898
10/10/2019,5814.4399
10/11/2019,5834.6602
10/14/2019,5870.0898
10/15/2019,5840.48
10/16/2019,5836.6201
10/17/2019,5860.0898
10/18/2019,5863.48
10/21/2019,5863.9902
10/22/2019,5880.3999
10/23/2019,5888.3398
10/24/2019,5916.2798
10/25/2019,5935.2598
10/28/2019,5946.0801
10/29/2019,5964.25
10/30/2019,5957.27
10/31/2019,5990.2402
11/1/2019,6032.0801
11/4/2019,6010.1802
11/5/2019,5993.6602
11/6/2019,5956.52
11/7/2019,5932.0698
11/8/2019,5954.6201
11/13/2019,5989.4199
11/14/2019,5980.0698
11/15/2019,6023.02
11/18/2019,6129.5601
11/19/2019,6142.7598
11/20/2019,6138.5898
11/21/2019,6138.3301
11/22/2019,6119.27
11/25/2019,6083.7402
11/26/2019,6094.8501
11/27/2019,6118.8701
11/28/2019,6201.1201
11/29/2019,6211.9702
12/2/2019,6215.23
12/3/2019,6214.9902
12/4/2019,6206.3999
12/5/2019,6160.8799
12/6/2019,6149.5698
12/9/2019,6103.6299
12/10/2019,6060.2002
12/12/2019,6099.6602
12/13/2019,6089.6699
12/16/2019,6057
12/17/2019,6062.3301
12/18/2019,6059.0898
12/19/2019,6045.27
12/20/2019,6044.73
12/23/2019,6031.8101
12/24/2019,6053.1201
12/26/2019,6086.6899
12/27/2019,6122.6401
12/30/2019,6156
12/31/2019,6129.21
1/2/2020,6108.5298
1/3/2020,6111.2798
1/6/2020,6069.9302
1/7/2020,6026.0898
1/8/2020,5898.8398
1/9/2020,5987.5498
1/13/2020,5980.6699
1/14/2020,5968.6299
1/16/2020,5940.9902
1/17/2020,5932.9199
1/20/2020,5906.2002
1/21/2020,5914.3301
1/22/2020,5941.4199
1/23/2020,5984.5
1/24/2020,5991.29
1/27/2020,5934.6299
1/28/2020,5884.8101
1/29/2020,5936.2998
1/30/2020,5927.7202
1/31/2020,5929.7598
2/3/2020,5931.04
2/5/2020,5942.0698
2/6/2020,5948.27
2/7/2020,5942.5298
2/10/2020,5933.75
2/11/2020,5899.0601
2/12/2020,5878.4399
2/13/2020,5857.2998
2/14/2020,5829.21
2/17/2020,5814.27
2/18/2020,5831.0098
2/19/2020,5847.8301
2/20/2020,5830.5098
2/24/2020,5797.2998
2/25/2020,5730.9302
2/26/2020,5643.6201
2/27/2020,5667.8701
2/28/2020,5592.9199
3/2/2020,5614.29
3/3/2020,5618.4102
3/4/2020,5535.4502
3/5/2020,5484.25
3/6/2020,5343.1499
3/10/2020,5121.9102
3/11/2020,5204.52
3/12/2020,5019.5498
3/13/2020,4874.73
3/19/2020,4571.6299
5/12/2020,4247.9502
5/13/2020,4367.25
5/14/2020,4393.54
5/15/2020,4439.04
5/18/2020,4606.8501
5/19/2020,4701.0298
5/20/2020,4655.2202
5/21/2020,4784.7998
5/22/2020,4799.8901
5/26/2020,4780.2202
5/27/2020,4800.0098
5/28/2020,4887.1602
5/29/2020,4846.7598
6/1/2020,4795.3999
6/2/2020,4790.6001
6/3/2020,4782.4302
6/4/2020,4781.0298
6/8/2020,4841.8501
6/9/2020,4913.3701
6/10/2020,4917.54
6/11/2020,4917.2402
6/12/2020,4914.8301
6/15/2020,4910.8301
6/16/2020,4915.5601
6/17/2020,4958.2402
6/18/2020,4976.98
6/19/2020,4990.4199
6/22/2020,5046.5
6/23/2020,5083.0698
6/24/2020,5111.9399
6/25/2020,5145.5498
6/26/2020,5163.3501
6/29/2020,5153.77
6/30/2020,5149.5698
7/1/2020,5148.4102
7/2/2020,5109.04
7/3/2020,5050.8999
7/6/2020,5075.8999
7/7/2020,5081.7798
7/8/2020,5069.52
7/9/2020,5090.4102
7/10/2020,4992.6201
7/13/2020,4879.7598
7/14/2020,4947.1099
7/15/2020,4916.6899
7/16/2020,4953.54
7/17/2020,4988.5
7/20/2020,5038.8501
7/21/2020,5034.4502
7/22/2020,5019.79
7/23/2020,5040.8799
7/24/2020,5065.2998
7/27/2020,5105.1201
7/28/2020,5099.4199
7/29/2020,5094
7/30/2020,5088.1001
7/31/2020,5124.2598
8/4/2020,5166.8101
8/5/2020,5146.4399
8/6/2020,5176.8501
8/7/2020,5176.48
8/10/2020,5150.75
8/11/2020,5196.3999
8/12/2020,5220.5698
8/13/2020,5235.6099
8/14/2020,5261.9902
8/17/2020,5251.6099
8/18/2020,5279.9199
8/19/2020,5351.0298
8/20/2020,5360.2798
8/21/2020,5382.3799
8/24/2020,5385.79
8/25/2020,5363.21
8/26/2020,5335.6602
8/27/2020,5333.3198
8/28/2020,5320.8701
8/31/2020,5329.3301
9/2/2020,5359.9902
9/3/2020,5350.8501
9/4/2020,5311.4199
9/7/2020,5310.6699
9/8/2020,5316.0498
9/9/2020,5370.3901
9/10/2020,5399.54
9/11/2020,5438.9102
9/14/2020,5490.6001
9/15/2020,5533.6899
9/16/2020,5585.3999
9/17/2020,5658.6602
9/18/2020,5720.6699
9/21/2020,5762.71
9/22/2020,5780.9399
9/23/2020,5772.1001
9/24/2020,5811.2002
9/25/2020,5859.04
9/28/2020,6028.2002
9/29/2020,5993.5498
9/30/2020,5984.8398
10/2/2020,6050.1699
10/5/2020,5587.1802
10/6/2020,5534.6099
10/7/2020,5553.2202
10/8/2020,5724.54
10/9/2020,5798.7202
10/12/2020,5841.0498
10/13/2020,5802.9702
10/14/2020,5890.1299
10/15/2020,5920
10/16/2020,5945.79
10/19/2020,5946.0801
10/20/2020,5934.23
10/21/2020,5684.6699
10/22/2020,5771.8901
10/23/2020,5768.9399
10/26/2020,5673.2798
10/27/2020,5680.2798
10/28/2020,5600.2002
10/29/2020,5726.5898
11/2/2020,5713.5801
11/3/2020,5843.27
11/4/2020,5905.9102
11/5/2020,6004.1099
11/6/2020,6080.0898
11/9/2020,6114.5
11/10/2020,6095.8901
11/11/2020,6097.9302
11/12/2020,6090.9702
11/13/2020,6082.4199
11/16/2020,6076.9199
11/17/2020,6108.9302
11/18/2020,6108.2202
11/19/2020,6060.8901
11/20/2020,6085
11/23/2020,6072.0698
11/24/2020,6087.6602
11/25/2020,6141.79
11/26/2020,6148.1201
11/27/2020,6180.8599
11/30/2020,6243.7598
12/1/2020,6317.46
12/2/2020,6345.8398
12/3/2020,6359.9902
12/4/2020,6397.5601
12/7/2020,6473.7598
12/8/2020,6564
12/9/2020,6605.0898
12/10/2020,6609.3901
12/11/2020,6614.5601
12/14/2020,6656.6401
12/15/2020,6631.8901
12/16/2020,6655.6699
12/17/2020,6624.1499
12/18/2020,6616.9502
12/21/2020,6622.71
12/22/2020,6634.9199
12/23/2020,6629.02
12/24/2020,6685.6401
12/28/2020,6704.8901
12/30/2020,6748.0098
12/31/2020,6774.2202
1/4/2021,6894.98
1/5/2021,6978.8599
1/6/2021,7036.7598
1/7/2021,7097.8398
1/8/2021,7119.5298
1/11/2021,7203.6299
1/12/2021,7282.2402
1/13/2021,7443.23
1/15/2021,7734.5698
1/18/2021,7922.6602
1/19/2021,7808.9702
1/20/2021,7884.4502
1/21/2021,8131.25
1/22/2021,8463.4297
1/25/2021,8694.3496
1/26/2021,8665.8203
1/27/2021,8812.0098
1/29/2021,8721.5596
2/1/2021,8567.0703
2/2/2021,8005.3198
2/3/2021,8244.5
2/5/2021,8275.3701
2/8/2021,8113.2598
2/9/2021,7963.77
2/10/2021,7732.4302
2/11/2021,7597.8101
2/12/2021,7985
2/15/2021,7907.27
2/16/2021,7580.9102
2/17/2021,7588.3398
2/18/2021,7736.3599
2/19/2021,7797.9399
2/22/2021,7597.5098
2/23/2021,7329.21
2/24/2021,7371.8599
2/25/2021,7476.3398
3/1/2021,7438.1299
3/2/2021,7343.3799
3/3/2021,7193.0898
3/4/2021,7002.04
3/5/2021,7054.4902
3/8/2021,7318.4302
3/9/2021,7296.8799
3/10/2021,7212.6602
3/12/2021,7247.48
3/15/2021,7160.4102
3/16/2021,7119.7002
3/17/2021,7044.5601
3/18/2021,6930.7598
3/19/2021,6854.3198
3/22/2021,6966.71
3/23/2021,6979.29
3/24/2021,7135.8398
3/25/2021,7099.1299
3/26/2021,7097.3901
3/29/2021,7127.6899
3/30/2021,7115.1201
3/31/2021,7121.2798
4/1/2021,7193.2798
4/5/2021,7217.8301
4/6/2021,7280.27
4/7/2021,7310.2598
4/8/2021,7412.46
4/9/2021,7458.27
4/12/2021,7558.2798
4/15/2021,7644.3799
4/16/2021,7600.5698
4/19/2021,7553.5
4/20/2021,7355.1099
4/21/2021,7433.4399
4/22/2021,7327.9102
4/23/2021,7232.6499
4/27/2021,7066.7002
4/28/2021,7239.9399
4/29/2021,7216.7002
4/30/2021,7208.2002
5/3/2021,7215.6001
5/4/2021,7111.4502
5/5/2021,7145.9702
5/6/2021,7188.0898
5/7/2021,7242
5/10/2021,7135.7998
5/11/2021,7143.3799
5/12/2021,7161.77
5/13/2021,7228.23
5/17/2021,7350.1401
5/18/2021,7355.1401
5/19/2021,7341.0298
5/20/2021,7293.5898
5/21/2021,7220.7202
5/24/2021,7233.5801
5/25/2021,7278.2402
5/28/2021,7333.4199
5/31/2021,7403.4399
6/1/2021,7450.54
6/2/2021,7436.5498
6/3/2021,7516.2002
6/4/2021,7567.3799
6/7/2021,7591.8999
6/8/2021,7542.2002
6/9/2021,7564.2598
6/10/2021,7601.1602
6/11/2021,7610.2998
6/14/2021,7582.27
6/15/2021,7605.5298
6/16/2021,7641.1899
6/17/2021,7659
6/18/2021,7715.46
6/21/2021,7726.73
6/22/2021,7743.71
6/23/2021,7742.1401
6/25/2021,7809.1499
6/28/2021,7877.8398
6/29/2021,7856.6401
6/30/2021,7837.7598
7/1/2021,7728.6099
7/2/2021,7746.5601
7/5/2021,7794.21
7/6/2021,7792.21
7/7/2021,7809.3799
7/8/2021,7811.6099
7/9/2021,7852.1899
7/12/2021,7866.4702
7/13/2021,7913.4702
7/14/2021,7939.3501
7/15/2021,7986.4502
7/16/2021,7966.9502
7/19/2021,8022.5498
7/20/2021,8068.3301
7/22/2021,8136.7598
7/26/2021,8122.73
7/27/2021,8092.98
7/28/2021,8096.98
7/29/2021,8140.7598
7/30/2021,8120.48
8/2/2021,8148.02
8/3/2021,8222.5498
8/4/2021,8210.3096
8/5/2021,8011.9399
8/6/2021,8099.1201
8/9/2021,8101.3901
8/10/2021,8070.8799
8/11/2021,8095.5698
8/12/2021,7980.9102
8/13/2021,7996.04
8/16/2021,7937.2798
8/17/2021,8134.52
8/18/2021,8342.8496
8/19/2021,8260.0801
8/20/2021,8240.0596
8/23/2021,8479.6504
8/24/2021,8667.9502
8/25/2021,8756.6299
8/26/2021,8920.71
8/27/2021,8931.3301
8/30/2021,8894.4404
8/31/2021,8997.5996
9/1/2021,9163.1299
9/2/2021,9335.9805
9/3/2021,9316.6504
9/6/2021,9227.8799
9/7/2021,9092.7402
9/8/2021,8764.21
9/9/2021,8986.4004
9/10/2021,8865.2998
9/13/2021,8536.8799
9/14/2021,8692.5996
9/15/2021,8931.21
9/16/2021,8848.04
9/17/2021,8801.9502
9/21/2021,8770.3896
9/22/2021,8788.0498
9/23/2021,8830.3496
9/24/2021,8940.1104
9/27/2021,9269.6504
9/28/2021,9339.2803
9/29/2021,9433.7695
9/30/2021,9459.9404
10/1/2021,9442.2998
10/4/2021,9542.3301
10/5/2021,9533.6396
10/6/2021,9626.4502
10/7/2021,9671
10/8/2021,9678.8896
10/11/2021,9649.2598
10/12/2021,9640.3604
10/13/2021,9497.4902
10/14/2021,9621.6504
10/15/2021,9623.8096
10/18/2021,9709.1396
10/21/2021,9881.5
10/22/2021,9915.2197
10/25/2021,10046.8
10/26/2021,10127.04
10/27/2021,10146.9
10/28/2021,10137.85
10/29/2021,10162.93
11/1/2021,10132.12
11/2/2021,10271.71
11/3/2021,10412.02
11/5/2021,10632.21
11/8/2021,10621.4
11/9/2021,10361.8
11/10/2021,10522.6
11/11/2021,10686.37
11/12/2021,10666.54
11/15/2021,10752.82
11/16/2021,11008.33
11/17/2021,11024.89
11/19/2021,10658.72
11/22/2021,10817.24
11/23/2021,10928.6
11/24/2021,10910.06
11/25/2021,11025.73
11/26/2021,11197.68
11/29/2021,11202.09
11/30/2021,11440.53
12/1/2021,11409.88
12/2/2021,11252.3
12/3/2021,10988.32
12/6/2021,11034.41
12/7/2021,11088.17
12/8/2021,11021.07
12/9/2021,11178.43
12/10/2021,11393.48
12/13/2021,11662.38
12/14/2021,11796.88
12/15/2021,11754.46
12/16/2021,11678.65
12/17/2021,11753.44
12/20/2021,11650.1
12/21/2021,11640.91
12/22/2021,11814.37
12/23/2021,11951.23
12/27/2021,12008.49
12/28/2021,11907.7
12/29/2021,11915.18
12/30/2021,12019.75
12/31/2021,12226.01
1/3/2022,12625.82
1/4/2022,12800.54
1/5/2022,13076.91
1/6/2022,13169.4
1/7/2022,13280.94
1/10/2022,13117.07
1/11/2022,13079.65
1/12/2022,13122.95
1/13/2022,13338.49
1/18/2022,13457.2
1/19/2022,13462.39
1/20/2022,13361.17
1/21/2022,13371.61
1/24/2022,13384.11
1/25/2022,13210.17
1/26/2022,13065.75
1/27/2022,12885.7
1/28/2022,12863.14
1/31/2022,13009.5
2/1/2022,12922.12
2/2/2022,12584.02
2/3/2022,12762.6
2/7/2022,12631.69
2/8/2022,12382.47
2/9/2022,12081.69
2/10/2022,12207.46
2/11/2022,12459.8
2/14/2022,12470.81
2/15/2022,12364.8
2/17/2022,12352.38
2/18/2022,12134.04
2/21/2022,11591.37
2/22/2022,11592.3
2/23/2022,11217.76
2/24/2022,10657.05
2/25/2022,11107.9
2/28/2022,11577.94
3/2/2022,11406.34
3/3/2022,11162.66
3/4/2022,11243.49
3/7/2022,10960.49
3/8/2022,10523.03
3/9/2022,10163.72
3/10/2022,10856.07
3/11/2022,10677.46
3/14/2022,10565.26
3/15/2022,10284.3
3/16/2022,10222.55
3/18/2022,10353.83
3/21/2022,10421.74
3/22/2022,10490.74
3/23/2022,10457.81
3/24/2022,10451.71
3/25/2022,10455.32
3/28/2022,10142.29
3/29/2022,9647.5498
3/30/2022,9294.8896
3/31/2022,8903.8701
4/1/2022,8471.4297
4/4/2022,8244.5498
4/5/2022,8738.0801
4/6/2022,8580.9297
4/7/2022,8249.7002
4/8/2022,8135.25
4/25/2022,7513.8501
4/26/2022,6905.3701
4/27/2022,7280.52
4/28/2022,7611.4302
4/29/2022,7624.2598
5/4/2022,7598.04
5/5/2022,7567.5498
5/6/2022,7427.48
5/9/2022,7516.6299
5/12/2022,7754.6201
5/13/2022,8098.4102
5/17/2022,8457.6504
5/18/2022,8417.21
5/19/2022,8173.8599
5/20/2022,8265.6104
5/23/2022,8474.4902
5/24/2022,8393.4697
5/25/2022,8370.1602
5/26/2022,8319.5801
5/27/2022,8315.5498
5/30/2022,8231.3301
5/31/2022,8108.0898
6/1/2022,8064.6899
6/2/2022,8099.5098
6/3/2022,8054.77
6/6/2022,7803.6099
6/7/2022,7631.1299
6/8/2022,7772.6899
6/9/2022,7881.1299
6/10/2022,7898.79
6/13/2022,7888.6899
6/15/2022,7772.0801
6/16/2022,7705.27
6/17/2022,7472.3901
6/20/2022,7424.5601
6/21/2022,7502.2798
6/22/2022,7512.1499
6/23/2022,7556.0898
6/24/2022,7651.1899
6/27/2022,7451.9102
6/28/2022,7312.6602
6/29/2022,7365.9199
6/30/2022,7342.3301
7/1/2022,7457.48
7/4/2022,7359.5498
7/5/2022,7238.5898
7/6/2022,7117.3501
7/7/2022,7057.8599
7/8/2022,7080.6899
7/11/2022,7302.1499
7/12/2022,7365.6699
7/14/2022,7318.2402
7/15/2022,7467.8198
7/18/2022,7536.6099
7/19/2022,7644.1201
7/20/2022,7712.0801
7/21/2022,7736.3701
7/22/2022,7721.7798
7/25/2022,7639.4199
7/26/2022,7630.1699
7/27/2022,7626.6899
7/28/2022,7679.6401
7/29/2022,7731.1499
8/1/2022,7768.5698
8/2/2022,7907.52
8/3/2022,8080.1401
8/4/2022,8229.1396
8/5/2022,8333.3701
8/8/2022,8422.9697
8/9/2022,8500
8/10/2022,8706.1699
8/12/2022,9027.4805
8/15/2022,9191.5195
8/16/2022,9086.2402
8/17/2022,8907.3496
8/18/2022,8910.5703
8/19/2022,8975.75
8/22/2022,9087.5898
8/23/2022,9071.5303
8/24/2022,9011.2402
8/25/2022,8828.0801
8/26/2022,8793.3896
8/29/2022,8732.4697
8/30/2022,8865.4004
8/31/2022,9071.3203
9/1/2022,9254.8096
9/2/2022,9316.4502
9/5/2022,9366.3896
9/6/2022,9330.3301
9/7/2022,9447.2695
9/8/2022,9599.3203
9/9/2022,9704.21
9/12/2022,9813.1797
9/13/2022,9749.0898
9/14/2022,9914.1201
9/15/2022,10072.38
9/16/2022,10061.09
9/19/2022,10025.4
9/20/2022,9901.1299
9/21/2022,9913.2197
9/22/2022,10001.19
9/23/2022,9964.7998
9/26/2022,9844.21
9/27/2022,9861.6201
9/28/2022,9958.8701
9/29/2022,9951.4805
9/30/2022,9931.0703
10/3/2022,9649.8604
10/4/2022,9237.0498
10/5/2022,9319.0098
10/6/2022,9182.2305
10/7/2022,9049.5195
10/11/2022,8744.6104
10/12/2022,8853.2695
10/13/2022,9148.5498
10/14/2022,9093.3701
10/17/2022,8983.7402
10/18/2022,8866.0498
10/19/2022,8888.3701
10/20/2022,8737.3799
10/21/2022,8685.5195
10/25/2022,8516.4004
10/26/2022,8602.9697
10/27/2022,8802.2305
10/28/2022,8728.5996
10/31/2022,8602.1602
11/1/2022,8605.8496
11/2/2022,8561.96
11/3/2022,8508.9805
11/4/2022,8491.7998
11/8/2022,8267.77
11/9/2022,8293.5
11/10/2022,8322.62
11/11/2022,8419.06
11/14/2022,8363.29
11/15/2022,8291.52
11/16/2022,8087.04
11/17/2022,8034.78
11/18/2022,7817.89
11/21/2022,7777.02
11/22/2022,8000.44
11/23/2022,8173.86
11/24/2022,8028.14
11/25/2022,8148.06
11/28/2022,8309.94
11/29/2022,8375.21
11/30/2022,8651.23
12/1/2022,8703.79
12/2/2022,8769.73
12/5/2022,8843.75
12/6/2022,8881.34
12/8/2022,8891.74
12/9/2022,8843.9
12/12/2022,8862.67
12/13/2022,8832.14
12/14/2022,8870.63
12/15/2022,8813.84
12/16/2022,8739.5
12/19/2022,8626.21
12/20/2022,8508.53
12/21/2022,8420.26
12/22/2022,8397.12
12/23/2022,8379.95
12/27/2022,8452.7
12/28/2022,8411.42
12/29/2022,8431.97
12/30/2022,8489.66
1/2/2023,8509.6
1/3/2023,8511.54
1/4/2023,8463.93
1/5/2023,8424.11
1/9/2023,8380.6
1/10/2023,8367.69
1/11/2023,8380.87
1/12/2023,8334.05
1/13/2023,8262.58
1/17/2023,8376.3
1/18/2023,8386.27
1/19/2023,8484.92
1/20/2023,8718.15
1/23/2023,8990.79
1/24/2023,8902.24
1/25/2023,8938.06
1/26/2023,8926.56
1/27/2023,8983.39
1/30/2023,8889.67
1/31/2023,8865.05
2/1/2023,8950.01
2/2/2023,9022.38
2/3/2023,9178.61
2/6/2023,9100.14
2/7/2023,8975.86
2/8/2023,8987.45
2/9/2023,8962.37
2/10/2023,8938.48
2/13/2023,8790.72
2/14/2023,8638.92
2/15/2023,8628.58
2/16/2023,8843.05
2/17/2023,8848.36
2/20/2023,9082.33
2/21/2023,9146.35
2/22/2023,9160.25
2/23/2023,9255.99
2/24/2023,9315.87
2/27/2023,9198.63
2/28/2023,9188.48
3/1/2023,9222.68
3/2/2023,9333.83
3/3/2023,9444.92
3/7/2023,9642.94
3/8/2023,9647.86
3/9/2023,9703.48
3/10/2023,9606.96
3/13/2023,9491.04
3/14/2023,9550.7
3/15/2023,9587.79
3/16/2023,9596.55
3/17/2023,9670.42
3/20/2023,9699.96
3/21/2023,9604.43
3/22/2023,9527.05
3/23/2023,9395.98
3/24/2023,9419.35
3/27/2023,9285.21
3/28/2023,9233.4
3/29/2023,9272.43
3/30/2023,9228.5
3/31/2023,9301.09
4/3/2023,9236.93
4/4/2023,9173.97
4/6/2023,9256.9
4/10/2023,9322.85
4/11/2023,9411.69
4/12/2023,9415.28
4/17/2023,9405.9
4/18/2023,9345.53
4/19/2023,9291.42
4/20/2023,9279.19
4/21/2023,9260.41
4/24/2023,9187.29
4/25/2023,9125.32
4/26/2023,9091.72
4/27/2023,9012.4
4/28/2023,8983.21
5/2/2023,8711.46
5/3/2023,8799.91
5/4/2023,8830.36
5/8/2023,8926.58
5/9/2023,8914.74
5/10/2023,8892.37
5/11/2023,8949.82
5/12/2023,8927.74
5/15/2023,8906.2
5/16/2023,8823.01
5/17/2023,8823.28
5/18/2023,8780.21
5/19/2023,8716.96
5/22/2023,8611.38
5/23/2023,8635.31
5/24/2023,8755.17
5/25/2023,8712.72
5/26/2023,8697.07
5/29/2023,8575.11
5/30/2023,8532.6
5/31/2023,8555.17
6/1/2023,8691.61
6/2/2023,8753.8
6/5/2023,8766.6
6/6/2023,8746.45
6/7/2023,8722.06
6/8/2023,8767.34
6/9/2023,8818.39
6/12/2023,9014.83
6/13/2023,9069.64
6/14/2023,9216.49
6/15/2023,9279.28
6/16/2023,9248.56
6/19/2023,9181.22
6/20/2023,9159.53
6/21/2023,9295.4
6/22/2023,9307.87
6/23/2023,9339.43
6/26/2023,9434.26
6/27/2023,9368.91
6/28/2023,9442.95
7/4/2023,10076.64
7/5/2023,10176.13
7/6/2023,10194.47
7/7/2023,10301.96
7/10/2023,10311.25
7/11/2023,10315.81
7/12/2023,10489.98
7/13/2023,10491.52
7/14/2023,10595.02
7/17/2023,10727.99
7/18/2023,10796.07
7/19/2023,10927.29
7/20/2023,11026.83
7/21/2023,11106.54
7/24/2023,11093.92
7/25/2023,11069.44
7/26/2023,10985.08
7/27/2023,11257.82
7/28/2023,11312.19
7/31/2023,11386.72
8/2/2023,11446.83
8/3/2023,11582.34
8/4/2023,11633.51
8/7/2023,11681.66
8/8/2023,11724.22
8/9/2023,11631.97
8/10/2023,11649.99
8/11/2023,11596.16
8/14/2023,11392.22
8/15/2023,11224.22
8/16/2023,11386.4
8/17/2023,11425.69
8/18/2023,11403.92
8/21/2023,11338.5
8/22/2023,11279.03
8/23/2023,11385.47
8/24/2023,11262.92
8/25/2023,11207.11
8/28/2023,11169.73
8/29/2023,11165.59
8/31/2023,11114.17
9/1/2023,11156.42
9/4/2023,11374.64
9/5/2023,11474.95
9/6/2023,11353.65
9/7/2023,11357.45
9/8/2023,11466.07
9/11/2023,11386.73
9/12/2023,11348.25
9/13/2023,11438.82
9/14/2023,11532.69
9/15/2023,11465.73
9/18/2023,11363.64
9/19/2023,11248.5
9/20/2023,11274.33
9/21/2023,11207.98
9/22/2023,11256.52
9/25/2023,11216.5
9/26/2023,11248.16
9/27/2023,11335.61
10/2/2023,11163.76
10/3/2023,11034.87
10/4/2023,11080.79
10/5/2023,11042.95
10/6/2023,10987.12
10/9/2023,10824.24
10/10/2023,10817.53
10/11/2023,10675.3
10/12/2023,10818.41
10/13/2023,10813.03
10/16/2023,10721.84
10/17/2023,10647.33
10/18/2023,10557.16
10/19/2023,10590.42
10/20/2023,10850.53
10/23/2023,10850.53
10/24/2023,10731.41
10/25/2023,10614.46
10/26/2023,10536.33
10/27/2023,10689.5
10/30/2023,10687.99
10/31/2023,10647.33
11/1/2023,10770.54
11/2/2023,10826.6
11/3/2023,10789.87
11/6/2023,10791.99
11/7/2023,10871.81
11/8/2023,10938.05
11/9/2023,10889.48
11/10/2023,10872.28
11/13/2023,10898.9
11/14/2023,10775.43
11/15/2023,10723.65
11/16/2023,10662.08
11/17/2023,10613.11
11/20/2023,10546.37
11/21/2023,10507.85
11/22/2023,10547.75
11/23/2023,10522.52
11/24/2023,10526.93
11/27/2023,10480.02
11/28/2023,10452.22
11/29/2023,10513.28
11/30/2023,10593.9
12/1/2023,10720.26
12/4/2023,10743.59
12/5/2023,10700.09
12/6/2023,10703.09
12/7/2023,10713.24
12/8/2023,10793.84
12/11/2023,10850.78
12/12/2023,10874.39
12/13/2023,10836.82
12/14/2023,10783.81
12/15/2023,10742.08
12/18/2023,10672.69
12/19/2023,10612.19
12/20/2023,10603.56
12/21/2023,10623.51
12/22/2023,10605.6
12/27/2023,10605.16
12/28/2023,10626.56
12/29/2023,10654.16
1/2/2024,10684.28
1/3/2024,10714.92
1/4/2024,10740.03
1/5/2024,10761.61
1/8/2024,10750.36
1/9/2024,10719.64
1/10/2024,10665.84
1/11/2024,10619.6
1/12/2024,10610.53
1/16/2024,10545.88
1/17/2024,10480.29
1/18/2024,10460.88
1/19/2024,10432.85
1/22/2024,10371.69
1/23/2024,10279.09
1/24/2024,10274.39
1/26/2024,10335.79
1/29/2024,10297.35
1/30/2024,10305.12
1/31/2024,10311.15
2/1/2024,10375.72
2/2/2024,10430.79
2/6/2024,10525.39
2/7/2024,10527.98
2/8/2024,10547.33
2/9/2024,10567.33
2/12/2024,10584.02
2/13/2024,10557.28
2/14/2024,10531.48
2/15/2024,10568.46
2/16/2024,10586.11
2/19/2024,10643.05
2/20/2024,10638.06
2/21/2024,10649.3
2/22/2024,10655.35
2/26/2024,10612.17
2/27/2024,10623.01
2/28/2024,10678.3
2/29/2024,10651.77
3/1/2024,10691.24
3/4/2024,10805.23
3/5/2024,10841.65
3/6/2024,10881.72
3/7/2024,11045.9
3/11/2024,11125.03
3/12/2024,11175.4
3/13/2024,11286.9
3/14/2024,11317.92
3/15/2024,11336.71
3/18/2024,11320.85
3/19/2024,11276.31
3/20/2024,11240.94
3/21/2024,11176.54
3/22/2024,11261.42
3/25/2024,11234.8
3/26/2024,11335.53
3/27/2024,11434.49
3/28/2024,11444.38
4/1/2024,11479
4/2/2024,11547.89
4/3/2024,11624.9
4/4/2024,11698.49
4/5/2024,11795.47
4/8/2024,11920
4/9/2024,11962.49
4/10/2024,12033.1
4/15/2024,12006.2
4/16/2024,11792.16
4/17/2024,11830.94
4/18/2024,11797.84
4/19/2024,11753.04
4/22/2024,11828.22
4/24/2024,11905.72
4/25/2024,12075.98
4/26/2024,12201.01
4/29/2024,12310.95
4/30/2024,12362.95
5/2/2024,12353.69
5/3/2024,12404.33
5/6/2024,12376.26
5/7/2024,12375.82
5/8/2024,12353.57
5/9/2024,12396.9
5/10/2024,12518.97
5/13/2024,12499.16
5/14/2024,12358.8
5/15/2024,12291.11
5/16/2024,12259.27
5/17/2024,12319.7
5/20/2024,12235.14
5/21/2024,12216.97
5/22/2024,12348.84
5/27/2024,12311.32
5/28/2024,12228.12
5/29/2024,12102.36
5/30/2024,12170.13
5/31/2024,12106.49
6/3/2024,12050.44
6/4/2024,12104.4
6/5/2024,12189.85
6/6/2024,12310.78
6/7/2024,12314.38
6/10/2024,12381.49
6/11/2024,12394.99
6/12/2024,12390.86
6/13/2024,12359.86
6/14/2024,12310.83
6/18/2024,12260.58
6/19/2024,12225.95
6/20/2024,12249.06
6/24/2024,12271.55
6/25/2024,12273.41
6/26/2024,12261.22
6/27/2024,12188.79
6/28/2024,12143.76
7/1/2024,12076.49
7/2/2024,12118.29
7/3/2024,12037.14
7/4/2024,11926.59
7/5/2024,11947.43
7/8/2024,11841.86
7/9/2024,11785.23
7/10/2024,11811.5
7/11/2024,11802.26
7/12/2024,11843.97
7/15/2024,11892.15
7/16/2024,11878.92
7/17/2024,11830.48
7/18/2024,11768.45
7/19/2024,11727.08
7/22/2024,11539.83
7/23/2024,11597.19
7/24/2024,11701.64
7/25/2024,11640.55
7/26/2024,11633.38
7/29/2024,11619.01
7/30/2024,11510.76
7/31/2024,11406.56
8/1/2024,11439.7
8/2/2024,11442.55
8/5/2024,11251.54
8/6/2024,11293.63
8/7/2024,11294.71
8/8/2024,11253.89
8/9/2024,11303.22
8/12/2024,11312.48
8/13/2024,11347.41
8/14/2024,11413.71
8/15/2024,11531.31
8/16/2024,11504.07
8/20/2024,11494.61
8/21/2024,11482.24
8/22/2024,11458.05
8/23/2024,11361.66
8/26/2024,11199.58
8/27/2024,11093.48
8/28/2024,10945.81
8/29/2024,10907.98
8/30/2024,10869.07
9/2/2024,10719.5
9/3/2024,10673.11
9/4/2024,10837.1
9/5/2024,10801.18
9/6/2024,10775.87
9/9/2024,10663.1
9/10/2024,10571.23
9/11/2024,10574.82
9/12/2024,10567.26
9/13/2024,10683.1
9/18/2024,10826.24
9/19/2024,10884.57
9/20/2024,10966.51
9/23/2024,11096.81
9/24/2024,11334.12
9/25/2024,11659.71
9/26/2024,11671.87
9/27/2024,11773.88
9/30/2024,11855.05
10/1/2024,11992.91
10/2/2024,11934.23
10/3/2024,11929.99
10/4/2024,12053.49
10/7/2024,12164.64
10/8/2024,12171.1
10/9/2024,12152.15
10/10/2024,12164.39
10/11/2024,12294.03
10/14/2024,12246.22
10/15/2024,12257.69
10/16/2024,12290.48
10/18/2024,12313.1
10/21/2024,12309.33
10/22/2024,12300.02
10/23/2024,12357.45
10/24/2024,12473.5
10/25/2024,12517.58
10/28/2024,12610.06
10/29/2024,12745.6
10/30/2024,12770.58
11/1/2024,12863.65
11/4/2024,12855.44
11/5/2024,12795.96
11/6/2024,12719.03
11/7/2024,12727.79
11/8/2024,12800.46
11/11/2024,12875.32
11/12/2024,12988.99
11/13/2024,13125.19
11/14/2024,13198.8
11/18/2024,13231.01
11/19/2024,13105.38
11/20/2024,13113.55
11/21/2024,12982.1
11/22/2024,13054.27
11/25/2024,12866.65
11/26/2024,12964.03
11/27/2024,13049.83
11/28/2024,13164.33
11/29/2024,13188.99
12/2/2024,13228.92
12/3/2024,13340.04
12/4/2024,13511.73
12/5/2024,13559.41
12/6/2024,13613.37
12/9/2024,13718.75
12/10/2024,13774.96
12/11/2024,13885.09
12/12/2024,14035.81
12/13/2024,14205.34
12/16/2024,14500.44
12/17/2024,14516.46
12/18/2024,14614.3
12/19/2024,14654.26
12/20/2024,14810.7
12/23/2024,15020.61
12/24/2024,15168.4
12/26/2024,15400.53
12/27/2024,15535.6
12/30/2024,15827.39
12/31/2024,15944.61
1/2/2025,16348.55
1/3/2025,16049.42
1/6/2025,15878.6
1/7/2025,15854.64
1/8/2025,15954.01
1/9/2025,15811.36
1/10/2025,15926
1/15/2025,16152.35
1/16/2025,16215.93
1/17/2025,16257.31
1/20/2025,16373.15
1/21/2025,16597.16
1/22/2025,16828.8
1/23/2025,17025.99
1/24/2025,16917.86
1/27/2025,17044.67
1/28/2025,17119.86
1/29/2025,17117.18
1/30/2025,17115.21
1/31/2025,17122.73
2/3/2025,16956.49
2/5/2025,16456.1
2/6/2025,16506.73
2/7/2025,16734.68
2/10/2025,16566.27
2/11/2025,16345.3
2/13/2025,16578.22
2/14/2025,16936.69
2/17/2025,17156.05
2/18/2025,17193.79
2/19/2025,17074.02
2/20/2025,16858.97
2/21/2025,16889.31
2/24/2025,16671.73
2/25/2025,16345.01
2/27/2025,16430.77
2/28/2025,16478.67
3/3/2025,16167.3
3/4/2025,15870.25
3/5/2025,16166.53
3/6/2025,16123.1
3/7/2025,16115.47
3/10/2025,16000.78
3/11/2025,15710.57
3/12/2025,15861.14
3/14/2025,15860.44
3/17/2025,15649.3
3/18/2025,15394.16
3/19/2025,15406.16
3/20/2025,15662.93
3/21/2025,15879.33
3/24/2025,15912.61
3/25/2025,15908.23
3/26/2025,15847.8
3/27/2025,15882.06
3/28/2025,15814.82
4/1/2025,15934.38
4/2/2025,16007.44
4/3/2025,15657.6
4/4/2025,15373.35
4/7/2025,14660.45
4/8/2025,15127.71
4/9/2025,14875.95
4/10/2025,15580.83
4/11/2025,15526.2
4/16/2025,15625.88
4/17/2025,15616.57
4/21/2025,15599.61
4/22/2025,15555.86
4/23/2025,15543.99
4/24/2025,15615.63
4/25/2025,15742.04
4/28/2025,15811.47
4/29/2025,15867.34
4/30/2025,15799.94
5/2/2025,15851.74
5/5/2025,15916.69
5/6/2025,15961.59
5/7/2025,15841.6
5/8/2025,15925.92
5/9/2025,15916.17
5/14/2025,16131.24
5/15/2025,16314.79
5/16/2025,16379.39
5/19/2025,16397.68
5/20/2025,16336.25
5/21/2025,16355.91
5/22/2025,16473.37
5/23/2025,16494.46
5/26/2025,16496.24
5/27/2025,16657.63
5/28/2025,16712.87
5/29/2025,16815.6
5/30/2025,16854.86
6/2/2025,16979.89
6/3/2025,17214.39
6/4/2025,17353.05
6/5/2025,17434.94
,
,
,
,
,
,
,
,
,
,
,
,
,
,
,
,
,
,
,
,
,
,
,
,
,
,
,
,
,
,
,
,
,
,
,
,
,
,
,
,
,
,
,
,
,
,
,
,
,
,
,
,
,
,
,
,
,
,
,
,
,
,
,
,
,
,
,
,
,
,
,
,
,
,
,
,
,
,
,
,
,
,
,
,
,
,
,
,
,
,
,
,
,
,
,
,
,
,
,
,
,
,
,
,
,
,
,
,
,
,
,
,
,
,
,
,
,
,
,
,
,
,
,
